artifact_id,artifact_type,algorithm,parameter_set,stage,validity,source_set,path,tool,signal_level,behavior,finding_count,requirement_ids,message
openssl-mldsa65-ca-cert,certificate,ML-DSA,ML-DSA-65,certificate/profile,valid,controlled,corpus/valid/openssl/openssl_mldsa65_ca_cert.pem,extended-local,policy-and-structural,accepted,0,,local extended detector evaluation
openssl-mldsa65-ca-cert,certificate,ML-DSA,ML-DSA-65,certificate/profile,valid,controlled,corpus/valid/openssl/openssl_mldsa65_ca_cert.pem,jzlint-baseline,policy-and-structural,tool-unavailable-on-host,,,jzlint CLI jar is missing but vendored source plus Maven are available
openssl-mldsa65-ca-cert,certificate,ML-DSA,ML-DSA-65,certificate/profile,valid,controlled,corpus/valid/openssl/openssl_mldsa65_ca_cert.pem,openssl-cli,parse-only,accepted,,,openssl parsed/imported artifact
openssl-mldsa65-ca-cert,certificate,ML-DSA,ML-DSA-65,certificate/profile,valid,controlled,corpus/valid/openssl/openssl_mldsa65_ca_cert.pem,pkilint,parse-only,tool-unavailable-on-host,,,no pkilint binary is configured on this host
openssl-mldsa44-ee-cert,certificate,ML-DSA,ML-DSA-44,certificate/profile,valid,controlled,corpus/valid/openssl/openssl_mldsa44_ee_cert.pem,extended-local,policy-and-structural,accepted,0,,local extended detector evaluation
openssl-mldsa44-ee-cert,certificate,ML-DSA,ML-DSA-44,certificate/profile,valid,controlled,corpus/valid/openssl/openssl_mldsa44_ee_cert.pem,jzlint-baseline,policy-and-structural,tool-unavailable-on-host,,,jzlint CLI jar is missing but vendored source plus Maven are available
openssl-mldsa44-ee-cert,certificate,ML-DSA,ML-DSA-44,certificate/profile,valid,controlled,corpus/valid/openssl/openssl_mldsa44_ee_cert.pem,openssl-cli,parse-only,accepted,,,openssl parsed/imported artifact
openssl-mldsa44-ee-cert,certificate,ML-DSA,ML-DSA-44,certificate/profile,valid,controlled,corpus/valid/openssl/openssl_mldsa44_ee_cert.pem,pkilint,parse-only,tool-unavailable-on-host,,,no pkilint binary is configured on this host
openssl-mldsa65-ee-cert,certificate,ML-DSA,ML-DSA-65,certificate/profile,valid,controlled,corpus/valid/openssl/openssl_mldsa65_ee_cert.pem,extended-local,policy-and-structural,accepted,0,,local extended detector evaluation
openssl-mldsa65-ee-cert,certificate,ML-DSA,ML-DSA-65,certificate/profile,valid,controlled,corpus/valid/openssl/openssl_mldsa65_ee_cert.pem,jzlint-baseline,policy-and-structural,tool-unavailable-on-host,,,jzlint CLI jar is missing but vendored source plus Maven are available
openssl-mldsa65-ee-cert,certificate,ML-DSA,ML-DSA-65,certificate/profile,valid,controlled,corpus/valid/openssl/openssl_mldsa65_ee_cert.pem,openssl-cli,parse-only,accepted,,,openssl parsed/imported artifact
openssl-mldsa65-ee-cert,certificate,ML-DSA,ML-DSA-65,certificate/profile,valid,controlled,corpus/valid/openssl/openssl_mldsa65_ee_cert.pem,pkilint,parse-only,tool-unavailable-on-host,,,no pkilint binary is configured on this host
openssl-mldsa87-ee-cert,certificate,ML-DSA,ML-DSA-87,certificate/profile,valid,controlled,corpus/valid/openssl/openssl_mldsa87_ee_cert.pem,extended-local,policy-and-structural,accepted,0,,local extended detector evaluation
openssl-mldsa87-ee-cert,certificate,ML-DSA,ML-DSA-87,certificate/profile,valid,controlled,corpus/valid/openssl/openssl_mldsa87_ee_cert.pem,jzlint-baseline,policy-and-structural,tool-unavailable-on-host,,,jzlint CLI jar is missing but vendored source plus Maven are available
openssl-mldsa87-ee-cert,certificate,ML-DSA,ML-DSA-87,certificate/profile,valid,controlled,corpus/valid/openssl/openssl_mldsa87_ee_cert.pem,openssl-cli,parse-only,accepted,,,openssl parsed/imported artifact
openssl-mldsa87-ee-cert,certificate,ML-DSA,ML-DSA-87,certificate/profile,valid,controlled,corpus/valid/openssl/openssl_mldsa87_ee_cert.pem,pkilint,parse-only,tool-unavailable-on-host,,,no pkilint binary is configured on this host
openssl-mlkem512-ee-cert,certificate,ML-KEM,ML-KEM-512,certificate/profile,valid,controlled,corpus/valid/openssl/openssl_mlkem512_ee_cert.pem,extended-local,policy-and-structural,accepted,0,,local extended detector evaluation
openssl-mlkem512-ee-cert,certificate,ML-KEM,ML-KEM-512,certificate/profile,valid,controlled,corpus/valid/openssl/openssl_mlkem512_ee_cert.pem,jzlint-baseline,policy-and-structural,tool-unavailable-on-host,,,jzlint CLI jar is missing but vendored source plus Maven are available
openssl-mlkem512-ee-cert,certificate,ML-KEM,ML-KEM-512,certificate/profile,valid,controlled,corpus/valid/openssl/openssl_mlkem512_ee_cert.pem,openssl-cli,parse-only,accepted,,,openssl parsed/imported artifact
openssl-mlkem512-ee-cert,certificate,ML-KEM,ML-KEM-512,certificate/profile,valid,controlled,corpus/valid/openssl/openssl_mlkem512_ee_cert.pem,pkilint,parse-only,tool-unavailable-on-host,,,no pkilint binary is configured on this host
openssl-mlkem768-ee-cert,certificate,ML-KEM,ML-KEM-768,certificate/profile,valid,controlled,corpus/valid/openssl/openssl_mlkem768_ee_cert.pem,extended-local,policy-and-structural,accepted,0,,local extended detector evaluation
openssl-mlkem768-ee-cert,certificate,ML-KEM,ML-KEM-768,certificate/profile,valid,controlled,corpus/valid/openssl/openssl_mlkem768_ee_cert.pem,jzlint-baseline,policy-and-structural,tool-unavailable-on-host,,,jzlint CLI jar is missing but vendored source plus Maven are available
openssl-mlkem768-ee-cert,certificate,ML-KEM,ML-KEM-768,certificate/profile,valid,controlled,corpus/valid/openssl/openssl_mlkem768_ee_cert.pem,openssl-cli,parse-only,accepted,,,openssl parsed/imported artifact
openssl-mlkem768-ee-cert,certificate,ML-KEM,ML-KEM-768,certificate/profile,valid,controlled,corpus/valid/openssl/openssl_mlkem768_ee_cert.pem,pkilint,parse-only,tool-unavailable-on-host,,,no pkilint binary is configured on this host
openssl-mlkem1024-ee-cert,certificate,ML-KEM,ML-KEM-1024,certificate/profile,valid,controlled,corpus/valid/openssl/openssl_mlkem1024_ee_cert.pem,extended-local,policy-and-structural,accepted,0,,local extended detector evaluation
openssl-mlkem1024-ee-cert,certificate,ML-KEM,ML-KEM-1024,certificate/profile,valid,controlled,corpus/valid/openssl/openssl_mlkem1024_ee_cert.pem,jzlint-baseline,policy-and-structural,tool-unavailable-on-host,,,jzlint CLI jar is missing but vendored source plus Maven are available
openssl-mlkem1024-ee-cert,certificate,ML-KEM,ML-KEM-1024,certificate/profile,valid,controlled,corpus/valid/openssl/openssl_mlkem1024_ee_cert.pem,openssl-cli,parse-only,accepted,,,openssl parsed/imported artifact
openssl-mlkem1024-ee-cert,certificate,ML-KEM,ML-KEM-1024,certificate/profile,valid,controlled,corpus/valid/openssl/openssl_mlkem1024_ee_cert.pem,pkilint,parse-only,tool-unavailable-on-host,,,no pkilint binary is configured on this host
openssl-mldsa65-ca-key,private-key-container,ML-DSA,ML-DSA-65,private-key-container/import,valid,controlled,corpus/valid/openssl/openssl_mldsa65_ca_key.pem,extended-local,policy-and-structural,rejected-structural,,,libcrux import bridge is not available; add or build the bridge before enabling seed/expanded consistency checks
openssl-mldsa65-ca-key,private-key-container,ML-DSA,ML-DSA-65,private-key-container/import,valid,controlled,corpus/valid/openssl/openssl_mldsa65_ca_key.pem,jzlint-baseline,policy-and-structural,not-applicable,,,
openssl-mldsa65-ca-key,private-key-container,ML-DSA,ML-DSA-65,private-key-container/import,valid,controlled,corpus/valid/openssl/openssl_mldsa65_ca_key.pem,openssl-cli,parse-only,accepted,,,openssl parsed/imported artifact
openssl-mldsa65-ca-key,private-key-container,ML-DSA,ML-DSA-65,private-key-container/import,valid,controlled,corpus/valid/openssl/openssl_mldsa65_ca_key.pem,pkilint,parse-only,not-applicable,,,
openssl-mldsa44-ee-key,private-key-container,ML-DSA,ML-DSA-44,private-key-container/import,valid,controlled,corpus/valid/openssl/openssl_mldsa44_ee_key.pem,extended-local,policy-and-structural,rejected-structural,,,libcrux import bridge is not available; add or build the bridge before enabling seed/expanded consistency checks
openssl-mldsa44-ee-key,private-key-container,ML-DSA,ML-DSA-44,private-key-container/import,valid,controlled,corpus/valid/openssl/openssl_mldsa44_ee_key.pem,jzlint-baseline,policy-and-structural,not-applicable,,,
openssl-mldsa44-ee-key,private-key-container,ML-DSA,ML-DSA-44,private-key-container/import,valid,controlled,corpus/valid/openssl/openssl_mldsa44_ee_key.pem,openssl-cli,parse-only,accepted,,,openssl parsed/imported artifact
openssl-mldsa44-ee-key,private-key-container,ML-DSA,ML-DSA-44,private-key-container/import,valid,controlled,corpus/valid/openssl/openssl_mldsa44_ee_key.pem,pkilint,parse-only,not-applicable,,,
openssl-mldsa65-ee-key,private-key-container,ML-DSA,ML-DSA-65,private-key-container/import,valid,controlled,corpus/valid/openssl/openssl_mldsa65_ee_key.pem,extended-local,policy-and-structural,rejected-structural,,,libcrux import bridge is not available; add or build the bridge before enabling seed/expanded consistency checks
openssl-mldsa65-ee-key,private-key-container,ML-DSA,ML-DSA-65,private-key-container/import,valid,controlled,corpus/valid/openssl/openssl_mldsa65_ee_key.pem,jzlint-baseline,policy-and-structural,not-applicable,,,
openssl-mldsa65-ee-key,private-key-container,ML-DSA,ML-DSA-65,private-key-container/import,valid,controlled,corpus/valid/openssl/openssl_mldsa65_ee_key.pem,openssl-cli,parse-only,accepted,,,openssl parsed/imported artifact
openssl-mldsa65-ee-key,private-key-container,ML-DSA,ML-DSA-65,private-key-container/import,valid,controlled,corpus/valid/openssl/openssl_mldsa65_ee_key.pem,pkilint,parse-only,not-applicable,,,
openssl-mldsa87-ee-key,private-key-container,ML-DSA,ML-DSA-87,private-key-container/import,valid,controlled,corpus/valid/openssl/openssl_mldsa87_ee_key.pem,extended-local,policy-and-structural,rejected-structural,,,libcrux import bridge is not available; add or build the bridge before enabling seed/expanded consistency checks
openssl-mldsa87-ee-key,private-key-container,ML-DSA,ML-DSA-87,private-key-container/import,valid,controlled,corpus/valid/openssl/openssl_mldsa87_ee_key.pem,jzlint-baseline,policy-and-structural,not-applicable,,,
openssl-mldsa87-ee-key,private-key-container,ML-DSA,ML-DSA-87,private-key-container/import,valid,controlled,corpus/valid/openssl/openssl_mldsa87_ee_key.pem,openssl-cli,parse-only,accepted,,,openssl parsed/imported artifact
openssl-mldsa87-ee-key,private-key-container,ML-DSA,ML-DSA-87,private-key-container/import,valid,controlled,corpus/valid/openssl/openssl_mldsa87_ee_key.pem,pkilint,parse-only,not-applicable,,,
openssl-mlkem512-ee-key,private-key-container,ML-KEM,ML-KEM-512,private-key-container/import,valid,controlled,corpus/valid/openssl/openssl_mlkem512_ee_key.pem,extended-local,policy-and-structural,rejected-structural,,,libcrux import bridge is not available; add or build the bridge before enabling seed/expanded consistency checks
openssl-mlkem512-ee-key,private-key-container,ML-KEM,ML-KEM-512,private-key-container/import,valid,controlled,corpus/valid/openssl/openssl_mlkem512_ee_key.pem,jzlint-baseline,policy-and-structural,not-applicable,,,
openssl-mlkem512-ee-key,private-key-container,ML-KEM,ML-KEM-512,private-key-container/import,valid,controlled,corpus/valid/openssl/openssl_mlkem512_ee_key.pem,openssl-cli,parse-only,accepted,,,openssl parsed/imported artifact
openssl-mlkem512-ee-key,private-key-container,ML-KEM,ML-KEM-512,private-key-container/import,valid,controlled,corpus/valid/openssl/openssl_mlkem512_ee_key.pem,pkilint,parse-only,not-applicable,,,
openssl-mlkem768-ee-key,private-key-container,ML-KEM,ML-KEM-768,private-key-container/import,valid,controlled,corpus/valid/openssl/openssl_mlkem768_ee_key.pem,extended-local,policy-and-structural,rejected-structural,,,libcrux import bridge is not available; add or build the bridge before enabling seed/expanded consistency checks
openssl-mlkem768-ee-key,private-key-container,ML-KEM,ML-KEM-768,private-key-container/import,valid,controlled,corpus/valid/openssl/openssl_mlkem768_ee_key.pem,jzlint-baseline,policy-and-structural,not-applicable,,,
openssl-mlkem768-ee-key,private-key-container,ML-KEM,ML-KEM-768,private-key-container/import,valid,controlled,corpus/valid/openssl/openssl_mlkem768_ee_key.pem,openssl-cli,parse-only,accepted,,,openssl parsed/imported artifact
openssl-mlkem768-ee-key,private-key-container,ML-KEM,ML-KEM-768,private-key-container/import,valid,controlled,corpus/valid/openssl/openssl_mlkem768_ee_key.pem,pkilint,parse-only,not-applicable,,,
openssl-mlkem1024-ee-key,private-key-container,ML-KEM,ML-KEM-1024,private-key-container/import,valid,controlled,corpus/valid/openssl/openssl_mlkem1024_ee_key.pem,extended-local,policy-and-structural,rejected-structural,,,libcrux import bridge is not available; add or build the bridge before enabling seed/expanded consistency checks
openssl-mlkem1024-ee-key,private-key-container,ML-KEM,ML-KEM-1024,private-key-container/import,valid,controlled,corpus/valid/openssl/openssl_mlkem1024_ee_key.pem,jzlint-baseline,policy-and-structural,not-applicable,,,
openssl-mlkem1024-ee-key,private-key-container,ML-KEM,ML-KEM-1024,private-key-container/import,valid,controlled,corpus/valid/openssl/openssl_mlkem1024_ee_key.pem,openssl-cli,parse-only,accepted,,,openssl parsed/imported artifact
openssl-mlkem1024-ee-key,private-key-container,ML-KEM,ML-KEM-1024,private-key-container/import,valid,controlled,corpus/valid/openssl/openssl_mlkem1024_ee_key.pem,pkilint,parse-only,not-applicable,,,
openssl-mut-mlkem768-keyusage-digital-signature-cert,certificate,ML-KEM,ML-KEM-768,certificate/profile,invalid,controlled,corpus/mutated/openssl/openssl_mut_mlkem768_keyusage_digital_signature_cert.pem,extended-local,policy-and-structural,rejected-semantic,1,MLKEM-CERT-KU-KEYENCIPHERMENT-ONLY,local extended detector evaluation
openssl-mut-mlkem768-keyusage-digital-signature-cert,certificate,ML-KEM,ML-KEM-768,certificate/profile,invalid,controlled,corpus/mutated/openssl/openssl_mut_mlkem768_keyusage_digital_signature_cert.pem,jzlint-baseline,policy-and-structural,tool-unavailable-on-host,,,jzlint CLI jar is missing but vendored source plus Maven are available
openssl-mut-mlkem768-keyusage-digital-signature-cert,certificate,ML-KEM,ML-KEM-768,certificate/profile,invalid,controlled,corpus/mutated/openssl/openssl_mut_mlkem768_keyusage_digital_signature_cert.pem,openssl-cli,parse-only,accepted,,,openssl parsed/imported artifact
openssl-mut-mlkem768-keyusage-digital-signature-cert,certificate,ML-KEM,ML-KEM-768,certificate/profile,invalid,controlled,corpus/mutated/openssl/openssl_mut_mlkem768_keyusage_digital_signature_cert.pem,pkilint,parse-only,tool-unavailable-on-host,,,no pkilint binary is configured on this host
openssl-mut-mldsa65-keyusage-key-encipherment-cert,certificate,ML-DSA,ML-DSA-65,certificate/profile,invalid,controlled,corpus/mutated/openssl/openssl_mut_mldsa65_keyusage_key_encipherment_cert.pem,extended-local,policy-and-structural,rejected-semantic,2,MLDSA-CERT-KU-AT-LEAST-ONE-SIGNING-BIT | MLDSA-CERT-KU-NO-ENCIPHERMENT-OR-AGREEMENT,local extended detector evaluation
openssl-mut-mldsa65-keyusage-key-encipherment-cert,certificate,ML-DSA,ML-DSA-65,certificate/profile,invalid,controlled,corpus/mutated/openssl/openssl_mut_mldsa65_keyusage_key_encipherment_cert.pem,jzlint-baseline,policy-and-structural,tool-unavailable-on-host,,,jzlint CLI jar is missing but vendored source plus Maven are available
openssl-mut-mldsa65-keyusage-key-encipherment-cert,certificate,ML-DSA,ML-DSA-65,certificate/profile,invalid,controlled,corpus/mutated/openssl/openssl_mut_mldsa65_keyusage_key_encipherment_cert.pem,openssl-cli,parse-only,accepted,,,openssl parsed/imported artifact
openssl-mut-mldsa65-keyusage-key-encipherment-cert,certificate,ML-DSA,ML-DSA-65,certificate/profile,invalid,controlled,corpus/mutated/openssl/openssl_mut_mldsa65_keyusage_key_encipherment_cert.pem,pkilint,parse-only,tool-unavailable-on-host,,,no pkilint binary is configured on this host
der-mut-mlkem768-cert-spki-aid-null,certificate,ML-KEM,ML-KEM-768,SPKI/public-key,invalid,controlled,corpus/mutated/der/der_mut_mlkem768_cert_spki_aid_null.pem,extended-local,policy-and-structural,rejected-structural,1,MLKEM-SPKI-AID-PARAMS-ABSENT,local extended detector evaluation
der-mut-mlkem768-cert-spki-aid-null,certificate,ML-KEM,ML-KEM-768,SPKI/public-key,invalid,controlled,corpus/mutated/der/der_mut_mlkem768_cert_spki_aid_null.pem,jzlint-baseline,policy-and-structural,tool-unavailable-on-host,,,jzlint CLI jar is missing but vendored source plus Maven are available
der-mut-mlkem768-cert-spki-aid-null,certificate,ML-KEM,ML-KEM-768,SPKI/public-key,invalid,controlled,corpus/mutated/der/der_mut_mlkem768_cert_spki_aid_null.pem,openssl-cli,parse-only,accepted,,,openssl parsed/imported artifact
der-mut-mlkem768-cert-spki-aid-null,certificate,ML-KEM,ML-KEM-768,SPKI/public-key,invalid,controlled,corpus/mutated/der/der_mut_mlkem768_cert_spki_aid_null.pem,pkilint,parse-only,tool-unavailable-on-host,,,no pkilint binary is configured on this host
der-mut-mlkem768-cert-spki-aid-octet-params,certificate,ML-KEM,ML-KEM-768,SPKI/public-key,invalid,controlled,corpus/mutated/der/der_mut_mlkem768_cert_spki_aid_octet_params.pem,extended-local,policy-and-structural,rejected-structural,1,MLKEM-SPKI-AID-PARAMS-ABSENT,local extended detector evaluation
der-mut-mlkem768-cert-spki-aid-octet-params,certificate,ML-KEM,ML-KEM-768,SPKI/public-key,invalid,controlled,corpus/mutated/der/der_mut_mlkem768_cert_spki_aid_octet_params.pem,jzlint-baseline,policy-and-structural,tool-unavailable-on-host,,,jzlint CLI jar is missing but vendored source plus Maven are available
der-mut-mlkem768-cert-spki-aid-octet-params,certificate,ML-KEM,ML-KEM-768,SPKI/public-key,invalid,controlled,corpus/mutated/der/der_mut_mlkem768_cert_spki_aid_octet_params.pem,openssl-cli,parse-only,accepted,,,openssl parsed/imported artifact
der-mut-mlkem768-cert-spki-aid-octet-params,certificate,ML-KEM,ML-KEM-768,SPKI/public-key,invalid,controlled,corpus/mutated/der/der_mut_mlkem768_cert_spki_aid_octet_params.pem,pkilint,parse-only,tool-unavailable-on-host,,,no pkilint binary is configured on this host
der-mut-mlkem768-cert-spki-payload-truncated,certificate,ML-KEM,ML-KEM-768,SPKI/public-key,invalid,controlled,corpus/mutated/der/der_mut_mlkem768_cert_spki_payload_truncated.pem,extended-local,policy-and-structural,rejected-structural,1,MLKEM-SPKI-PUBLIC-KEY-LENGTH,local extended detector evaluation
der-mut-mlkem768-cert-spki-payload-truncated,certificate,ML-KEM,ML-KEM-768,SPKI/public-key,invalid,controlled,corpus/mutated/der/der_mut_mlkem768_cert_spki_payload_truncated.pem,jzlint-baseline,policy-and-structural,tool-unavailable-on-host,,,jzlint CLI jar is missing but vendored source plus Maven are available
der-mut-mlkem768-cert-spki-payload-truncated,certificate,ML-KEM,ML-KEM-768,SPKI/public-key,invalid,controlled,corpus/mutated/der/der_mut_mlkem768_cert_spki_payload_truncated.pem,openssl-cli,parse-only,accepted,,,openssl parsed/imported artifact
der-mut-mlkem768-cert-spki-payload-truncated,certificate,ML-KEM,ML-KEM-768,SPKI/public-key,invalid,controlled,corpus/mutated/der/der_mut_mlkem768_cert_spki_payload_truncated.pem,pkilint,parse-only,tool-unavailable-on-host,,,no pkilint binary is configured on this host
der-mut-mldsa44-cert-signature-aid-null,certificate,ML-DSA,ML-DSA-44,certificate/profile,invalid,controlled,corpus/mutated/der/der_mut_mldsa44_cert_signature_aid_null.pem,extended-local,policy-and-structural,rejected-structural,1,MLDSA-CERT-SIGNATURE-AID-PARAMS-ABSENT,local extended detector evaluation
der-mut-mldsa44-cert-signature-aid-null,certificate,ML-DSA,ML-DSA-44,certificate/profile,invalid,controlled,corpus/mutated/der/der_mut_mldsa44_cert_signature_aid_null.pem,jzlint-baseline,policy-and-structural,tool-unavailable-on-host,,,jzlint CLI jar is missing but vendored source plus Maven are available
der-mut-mldsa44-cert-signature-aid-null,certificate,ML-DSA,ML-DSA-44,certificate/profile,invalid,controlled,corpus/mutated/der/der_mut_mldsa44_cert_signature_aid_null.pem,openssl-cli,parse-only,accepted,,,openssl parsed/imported artifact
der-mut-mldsa44-cert-signature-aid-null,certificate,ML-DSA,ML-DSA-44,certificate/profile,invalid,controlled,corpus/mutated/der/der_mut_mldsa44_cert_signature_aid_null.pem,pkilint,parse-only,tool-unavailable-on-host,,,no pkilint binary is configured on this host
der-mut-mldsa44-cert-signature-aid-octet-params,certificate,ML-DSA,ML-DSA-44,certificate/profile,invalid,controlled,corpus/mutated/der/der_mut_mldsa44_cert_signature_aid_octet_params.pem,extended-local,policy-and-structural,rejected-structural,1,MLDSA-CERT-SIGNATURE-AID-PARAMS-ABSENT,local extended detector evaluation
der-mut-mldsa44-cert-signature-aid-octet-params,certificate,ML-DSA,ML-DSA-44,certificate/profile,invalid,controlled,corpus/mutated/der/der_mut_mldsa44_cert_signature_aid_octet_params.pem,jzlint-baseline,policy-and-structural,tool-unavailable-on-host,,,jzlint CLI jar is missing but vendored source plus Maven are available
der-mut-mldsa44-cert-signature-aid-octet-params,certificate,ML-DSA,ML-DSA-44,certificate/profile,invalid,controlled,corpus/mutated/der/der_mut_mldsa44_cert_signature_aid_octet_params.pem,openssl-cli,parse-only,accepted,,,openssl parsed/imported artifact
der-mut-mldsa44-cert-signature-aid-octet-params,certificate,ML-DSA,ML-DSA-44,certificate/profile,invalid,controlled,corpus/mutated/der/der_mut_mldsa44_cert_signature_aid_octet_params.pem,pkilint,parse-only,tool-unavailable-on-host,,,no pkilint binary is configured on this host
der-mut-mldsa44-cert-signature-hashmldsa44,certificate,ML-DSA,HashML-DSA-44 in PKIX certificate context,certificate/profile,invalid,controlled,corpus/mutated/der/der_mut_mldsa44_cert_signature_hashmldsa44.pem,extended-local,policy-and-structural,rejected-semantic,1,MLDSA-PKIX-HASHML-FORBIDDEN,local extended detector evaluation
der-mut-mldsa44-cert-signature-hashmldsa44,certificate,ML-DSA,HashML-DSA-44 in PKIX certificate context,certificate/profile,invalid,controlled,corpus/mutated/der/der_mut_mldsa44_cert_signature_hashmldsa44.pem,jzlint-baseline,policy-and-structural,tool-unavailable-on-host,,,jzlint CLI jar is missing but vendored source plus Maven are available
der-mut-mldsa44-cert-signature-hashmldsa44,certificate,ML-DSA,HashML-DSA-44 in PKIX certificate context,certificate/profile,invalid,controlled,corpus/mutated/der/der_mut_mldsa44_cert_signature_hashmldsa44.pem,openssl-cli,parse-only,accepted,,,openssl parsed/imported artifact
der-mut-mldsa44-cert-signature-hashmldsa44,certificate,ML-DSA,HashML-DSA-44 in PKIX certificate context,certificate/profile,invalid,controlled,corpus/mutated/der/der_mut_mldsa44_cert_signature_hashmldsa44.pem,pkilint,parse-only,tool-unavailable-on-host,,,no pkilint binary is configured on this host
der-mut-mlkem768-cert-keyusage-empty,certificate,ML-KEM,ML-KEM-768,certificate/profile,invalid,controlled,corpus/mutated/der/der_mut_mlkem768_cert_keyusage_empty.pem,extended-local,policy-and-structural,rejected-semantic,1,MLKEM-CERT-KU-KEYENCIPHERMENT-ONLY,local extended detector evaluation
der-mut-mlkem768-cert-keyusage-empty,certificate,ML-KEM,ML-KEM-768,certificate/profile,invalid,controlled,corpus/mutated/der/der_mut_mlkem768_cert_keyusage_empty.pem,jzlint-baseline,policy-and-structural,tool-unavailable-on-host,,,jzlint CLI jar is missing but vendored source plus Maven are available
der-mut-mlkem768-cert-keyusage-empty,certificate,ML-KEM,ML-KEM-768,certificate/profile,invalid,controlled,corpus/mutated/der/der_mut_mlkem768_cert_keyusage_empty.pem,openssl-cli,parse-only,accepted,,,openssl parsed/imported artifact
der-mut-mlkem768-cert-keyusage-empty,certificate,ML-KEM,ML-KEM-768,certificate/profile,invalid,controlled,corpus/mutated/der/der_mut_mlkem768_cert_keyusage_empty.pem,pkilint,parse-only,tool-unavailable-on-host,,,no pkilint binary is configured on this host
der-mut-mldsa65-cert-keyusage-empty,certificate,ML-DSA,ML-DSA-65,certificate/profile,invalid,controlled,corpus/mutated/der/der_mut_mldsa65_cert_keyusage_empty.pem,extended-local,policy-and-structural,rejected-semantic,1,MLDSA-CERT-KU-AT-LEAST-ONE-SIGNING-BIT,local extended detector evaluation
der-mut-mldsa65-cert-keyusage-empty,certificate,ML-DSA,ML-DSA-65,certificate/profile,invalid,controlled,corpus/mutated/der/der_mut_mldsa65_cert_keyusage_empty.pem,jzlint-baseline,policy-and-structural,tool-unavailable-on-host,,,jzlint CLI jar is missing but vendored source plus Maven are available
der-mut-mldsa65-cert-keyusage-empty,certificate,ML-DSA,ML-DSA-65,certificate/profile,invalid,controlled,corpus/mutated/der/der_mut_mldsa65_cert_keyusage_empty.pem,openssl-cli,parse-only,accepted,,,openssl parsed/imported artifact
der-mut-mldsa65-cert-keyusage-empty,certificate,ML-DSA,ML-DSA-65,certificate/profile,invalid,controlled,corpus/mutated/der/der_mut_mldsa65_cert_keyusage_empty.pem,pkilint,parse-only,tool-unavailable-on-host,,,no pkilint binary is configured on this host
der-mut-mlkem512-key-seed-short,private-key-container,ML-KEM,ML-KEM-512,private-key-container/import,invalid,controlled,corpus/mutated/der/der_mut_mlkem512_key_seed_short.pem,extended-local,policy-and-structural,rejected-structural,1,MLKEM-PRIVATE-SEED-LENGTH,local extended detector evaluation
der-mut-mlkem512-key-seed-short,private-key-container,ML-KEM,ML-KEM-512,private-key-container/import,invalid,controlled,corpus/mutated/der/der_mut_mlkem512_key_seed_short.pem,jzlint-baseline,policy-and-structural,not-applicable,,,
der-mut-mlkem512-key-seed-short,private-key-container,ML-KEM,ML-KEM-512,private-key-container/import,invalid,controlled,corpus/mutated/der/der_mut_mlkem512_key_seed_short.pem,openssl-cli,parse-only,rejected-structural,,,"Could not find private key of key from corpus/mutated/der/der_mut_mlkem512_key_seed_short.pem
00C8CFFB01000000:error:1608010C:STORE routines:ossl_store_handle_load_result:unsupported:crypto/store/store_result.c:160:provider=default"
der-mut-mlkem512-key-seed-short,private-key-container,ML-KEM,ML-KEM-512,private-key-container/import,invalid,controlled,corpus/mutated/der/der_mut_mlkem512_key_seed_short.pem,pkilint,parse-only,not-applicable,,,
der-mut-mlkem512-key-expanded-short,private-key-container,ML-KEM,ML-KEM-512,private-key-container/import,invalid,controlled,corpus/mutated/der/der_mut_mlkem512_key_expanded_short.pem,extended-local,policy-and-structural,rejected-structural,1,MLKEM-PRIVATE-EXPANDED-LENGTH,local extended detector evaluation
der-mut-mlkem512-key-expanded-short,private-key-container,ML-KEM,ML-KEM-512,private-key-container/import,invalid,controlled,corpus/mutated/der/der_mut_mlkem512_key_expanded_short.pem,jzlint-baseline,policy-and-structural,not-applicable,,,
der-mut-mlkem512-key-expanded-short,private-key-container,ML-KEM,ML-KEM-512,private-key-container/import,invalid,controlled,corpus/mutated/der/der_mut_mlkem512_key_expanded_short.pem,openssl-cli,parse-only,rejected-structural,,,"Could not find private key of key from corpus/mutated/der/der_mut_mlkem512_key_expanded_short.pem
00C8CFFB01000000:error:1608010C:STORE routines:ossl_store_handle_load_result:unsupported:crypto/store/store_result.c:160:provider=default"
der-mut-mlkem512-key-expanded-short,private-key-container,ML-KEM,ML-KEM-512,private-key-container/import,invalid,controlled,corpus/mutated/der/der_mut_mlkem512_key_expanded_short.pem,pkilint,parse-only,not-applicable,,,
der-mut-mldsa44-key-seed-short,private-key-container,ML-DSA,ML-DSA-44,private-key-container/import,invalid,controlled,corpus/mutated/der/der_mut_mldsa44_key_seed_short.pem,extended-local,policy-and-structural,rejected-structural,1,MLDSA-PRIVATE-SEED-LENGTH,local extended detector evaluation
der-mut-mldsa44-key-seed-short,private-key-container,ML-DSA,ML-DSA-44,private-key-container/import,invalid,controlled,corpus/mutated/der/der_mut_mldsa44_key_seed_short.pem,jzlint-baseline,policy-and-structural,not-applicable,,,
der-mut-mldsa44-key-seed-short,private-key-container,ML-DSA,ML-DSA-44,private-key-container/import,invalid,controlled,corpus/mutated/der/der_mut_mldsa44_key_seed_short.pem,openssl-cli,parse-only,rejected-structural,,,"Could not find private key of key from corpus/mutated/der/der_mut_mldsa44_key_seed_short.pem
00C8CFFB01000000:error:1608010C:STORE routines:ossl_store_handle_load_result:unsupported:crypto/store/store_result.c:160:provider=default"
der-mut-mldsa44-key-seed-short,private-key-container,ML-DSA,ML-DSA-44,private-key-container/import,invalid,controlled,corpus/mutated/der/der_mut_mldsa44_key_seed_short.pem,pkilint,parse-only,not-applicable,,,
der-mut-mldsa44-key-expanded-short,private-key-container,ML-DSA,ML-DSA-44,private-key-container/import,invalid,controlled,corpus/mutated/der/der_mut_mldsa44_key_expanded_short.pem,extended-local,policy-and-structural,rejected-structural,1,MLDSA-PRIVATE-EXPANDED-LENGTH,local extended detector evaluation
der-mut-mldsa44-key-expanded-short,private-key-container,ML-DSA,ML-DSA-44,private-key-container/import,invalid,controlled,corpus/mutated/der/der_mut_mldsa44_key_expanded_short.pem,jzlint-baseline,policy-and-structural,not-applicable,,,
der-mut-mldsa44-key-expanded-short,private-key-container,ML-DSA,ML-DSA-44,private-key-container/import,invalid,controlled,corpus/mutated/der/der_mut_mldsa44_key_expanded_short.pem,openssl-cli,parse-only,rejected-structural,,,"Could not find private key of key from corpus/mutated/der/der_mut_mldsa44_key_expanded_short.pem
00C8CFFB01000000:error:1608010C:STORE routines:ossl_store_handle_load_result:unsupported:crypto/store/store_result.c:160:provider=default"
der-mut-mldsa44-key-expanded-short,private-key-container,ML-DSA,ML-DSA-44,private-key-container/import,invalid,controlled,corpus/mutated/der/der_mut_mldsa44_key_expanded_short.pem,pkilint,parse-only,not-applicable,,,
der-mut-mlkem512-key-both-mismatch,private-key-container,ML-KEM,ML-KEM-512,private-key-container/import,invalid,controlled,corpus/mutated/der/der_mut_mlkem512_key_both_mismatch.pem,extended-local,policy-and-structural,rejected-structural,,,libcrux import bridge is not available; add or build the bridge before enabling seed/expanded consistency checks
der-mut-mlkem512-key-both-mismatch,private-key-container,ML-KEM,ML-KEM-512,private-key-container/import,invalid,controlled,corpus/mutated/der/der_mut_mlkem512_key_both_mismatch.pem,jzlint-baseline,policy-and-structural,not-applicable,,,
der-mut-mlkem512-key-both-mismatch,private-key-container,ML-KEM,ML-KEM-512,private-key-container/import,invalid,controlled,corpus/mutated/der/der_mut_mlkem512_key_both_mismatch.pem,openssl-cli,parse-only,rejected-structural,,,"Could not find private key of key from corpus/mutated/der/der_mut_mlkem512_key_both_mismatch.pem
00C8CFFB01000000:error:1C80009E:Provider routines:check_prvenc:invalid key:providers/implementations/keymgmt/ml_kem_kmgmt.c:447:explicit ML-KEM-512 private key does not match seed"
der-mut-mlkem512-key-both-mismatch,private-key-container,ML-KEM,ML-KEM-512,private-key-container/import,invalid,controlled,corpus/mutated/der/der_mut_mlkem512_key_both_mismatch.pem,pkilint,parse-only,not-applicable,,,
der-mut-mlkem512-key-hash-mismatch,private-key-container,ML-KEM,ML-KEM-512,private-key-container/import,invalid,controlled,corpus/mutated/der/der_mut_mlkem512_key_hash_mismatch.pem,extended-local,policy-and-structural,rejected-structural,,,libcrux import bridge is not available; add or build the bridge before enabling seed/expanded consistency checks
der-mut-mlkem512-key-hash-mismatch,private-key-container,ML-KEM,ML-KEM-512,private-key-container/import,invalid,controlled,corpus/mutated/der/der_mut_mlkem512_key_hash_mismatch.pem,jzlint-baseline,policy-and-structural,not-applicable,,,
der-mut-mlkem512-key-hash-mismatch,private-key-container,ML-KEM,ML-KEM-512,private-key-container/import,invalid,controlled,corpus/mutated/der/der_mut_mlkem512_key_hash_mismatch.pem,openssl-cli,parse-only,rejected-structural,,,"Could not find private key of key from corpus/mutated/der/der_mut_mlkem512_key_hash_mismatch.pem
00C8CFFB01000000:error:1C80009E:Provider routines:check_prvenc:invalid key:providers/implementations/keymgmt/ml_kem_kmgmt.c:447:explicit ML-KEM-512 private key does not match seed"
der-mut-mlkem512-key-hash-mismatch,private-key-container,ML-KEM,ML-KEM-512,private-key-container/import,invalid,controlled,corpus/mutated/der/der_mut_mlkem512_key_hash_mismatch.pem,pkilint,parse-only,not-applicable,,,
der-mut-mldsa44-key-both-mismatch,private-key-container,ML-DSA,ML-DSA-44,private-key-container/import,invalid,controlled,corpus/mutated/der/der_mut_mldsa44_key_both_mismatch.pem,extended-local,policy-and-structural,rejected-structural,,,libcrux import bridge is not available; add or build the bridge before enabling seed/expanded consistency checks
der-mut-mldsa44-key-both-mismatch,private-key-container,ML-DSA,ML-DSA-44,private-key-container/import,invalid,controlled,corpus/mutated/der/der_mut_mldsa44_key_both_mismatch.pem,jzlint-baseline,policy-and-structural,not-applicable,,,
der-mut-mldsa44-key-both-mismatch,private-key-container,ML-DSA,ML-DSA-44,private-key-container/import,invalid,controlled,corpus/mutated/der/der_mut_mldsa44_key_both_mismatch.pem,openssl-cli,parse-only,rejected-structural,,,"Could not find private key of key from corpus/mutated/der/der_mut_mldsa44_key_both_mismatch.pem
00C8CFFB01000000:error:1C80009E:Provider routines:ossl_ml_dsa_generate_key:invalid key:crypto/ml_dsa/ml_dsa_key.c:495:explicit ML-DSA-44 private key does not match seed"
der-mut-mldsa44-key-both-mismatch,private-key-container,ML-DSA,ML-DSA-44,private-key-container/import,invalid,controlled,corpus/mutated/der/der_mut_mldsa44_key_both_mismatch.pem,pkilint,parse-only,not-applicable,,,
appendix-ossl35-mldsa44-ta-cert,certificate,ML-DSA,ML-DSA-44,certificate/profile,valid,appendix,corpus/appendix/public_repo/ossl35/ossl35_ml_dsa_44_ta.der,extended-local,policy-and-structural,accepted,0,,local extended detector evaluation
appendix-ossl35-mldsa44-ta-cert,certificate,ML-DSA,ML-DSA-44,certificate/profile,valid,appendix,corpus/appendix/public_repo/ossl35/ossl35_ml_dsa_44_ta.der,jzlint-baseline,policy-and-structural,tool-unavailable-on-host,,,jzlint CLI jar is missing but vendored source plus Maven are available
appendix-ossl35-mldsa44-ta-cert,certificate,ML-DSA,ML-DSA-44,certificate/profile,valid,appendix,corpus/appendix/public_repo/ossl35/ossl35_ml_dsa_44_ta.der,openssl-cli,parse-only,accepted,,,openssl parsed/imported artifact
appendix-ossl35-mldsa44-ta-cert,certificate,ML-DSA,ML-DSA-44,certificate/profile,valid,appendix,corpus/appendix/public_repo/ossl35/ossl35_ml_dsa_44_ta.der,pkilint,parse-only,tool-unavailable-on-host,,,no pkilint binary is configured on this host
appendix-ossl35-mldsa65-ta-cert,certificate,ML-DSA,ML-DSA-65,certificate/profile,valid,appendix,corpus/appendix/public_repo/ossl35/ossl35_ml_dsa_65_ta.der,extended-local,policy-and-structural,accepted,0,,local extended detector evaluation
appendix-ossl35-mldsa65-ta-cert,certificate,ML-DSA,ML-DSA-65,certificate/profile,valid,appendix,corpus/appendix/public_repo/ossl35/ossl35_ml_dsa_65_ta.der,jzlint-baseline,policy-and-structural,tool-unavailable-on-host,,,jzlint CLI jar is missing but vendored source plus Maven are available
appendix-ossl35-mldsa65-ta-cert,certificate,ML-DSA,ML-DSA-65,certificate/profile,valid,appendix,corpus/appendix/public_repo/ossl35/ossl35_ml_dsa_65_ta.der,openssl-cli,parse-only,accepted,,,openssl parsed/imported artifact
appendix-ossl35-mldsa65-ta-cert,certificate,ML-DSA,ML-DSA-65,certificate/profile,valid,appendix,corpus/appendix/public_repo/ossl35/ossl35_ml_dsa_65_ta.der,pkilint,parse-only,tool-unavailable-on-host,,,no pkilint binary is configured on this host
appendix-ossl35-mldsa87-ta-cert,certificate,ML-DSA,ML-DSA-87,certificate/profile,valid,appendix,corpus/appendix/public_repo/ossl35/ossl35_ml_dsa_87_ta.der,extended-local,policy-and-structural,accepted,0,,local extended detector evaluation
appendix-ossl35-mldsa87-ta-cert,certificate,ML-DSA,ML-DSA-87,certificate/profile,valid,appendix,corpus/appendix/public_repo/ossl35/ossl35_ml_dsa_87_ta.der,jzlint-baseline,policy-and-structural,tool-unavailable-on-host,,,jzlint CLI jar is missing but vendored source plus Maven are available
appendix-ossl35-mldsa87-ta-cert,certificate,ML-DSA,ML-DSA-87,certificate/profile,valid,appendix,corpus/appendix/public_repo/ossl35/ossl35_ml_dsa_87_ta.der,openssl-cli,parse-only,accepted,,,openssl parsed/imported artifact
appendix-ossl35-mldsa87-ta-cert,certificate,ML-DSA,ML-DSA-87,certificate/profile,valid,appendix,corpus/appendix/public_repo/ossl35/ossl35_ml_dsa_87_ta.der,pkilint,parse-only,tool-unavailable-on-host,,,no pkilint binary is configured on this host
appendix-ossl35-mlkem512-ee-cert,certificate,ML-KEM,ML-KEM-512,certificate/profile,valid,appendix,corpus/appendix/public_repo/ossl35/ossl35_ml_kem_512_ee.der,extended-local,policy-and-structural,accepted,0,,local extended detector evaluation
appendix-ossl35-mlkem512-ee-cert,certificate,ML-KEM,ML-KEM-512,certificate/profile,valid,appendix,corpus/appendix/public_repo/ossl35/ossl35_ml_kem_512_ee.der,jzlint-baseline,policy-and-structural,tool-unavailable-on-host,,,jzlint CLI jar is missing but vendored source plus Maven are available
appendix-ossl35-mlkem512-ee-cert,certificate,ML-KEM,ML-KEM-512,certificate/profile,valid,appendix,corpus/appendix/public_repo/ossl35/ossl35_ml_kem_512_ee.der,openssl-cli,parse-only,accepted,,,openssl parsed/imported artifact
appendix-ossl35-mlkem512-ee-cert,certificate,ML-KEM,ML-KEM-512,certificate/profile,valid,appendix,corpus/appendix/public_repo/ossl35/ossl35_ml_kem_512_ee.der,pkilint,parse-only,tool-unavailable-on-host,,,no pkilint binary is configured on this host
appendix-ossl35-mlkem768-ee-cert,certificate,ML-KEM,ML-KEM-768,certificate/profile,valid,appendix,corpus/appendix/public_repo/ossl35/ossl35_ml_kem_768_ee.der,extended-local,policy-and-structural,accepted,0,,local extended detector evaluation
appendix-ossl35-mlkem768-ee-cert,certificate,ML-KEM,ML-KEM-768,certificate/profile,valid,appendix,corpus/appendix/public_repo/ossl35/ossl35_ml_kem_768_ee.der,jzlint-baseline,policy-and-structural,tool-unavailable-on-host,,,jzlint CLI jar is missing but vendored source plus Maven are available
appendix-ossl35-mlkem768-ee-cert,certificate,ML-KEM,ML-KEM-768,certificate/profile,valid,appendix,corpus/appendix/public_repo/ossl35/ossl35_ml_kem_768_ee.der,openssl-cli,parse-only,accepted,,,openssl parsed/imported artifact
appendix-ossl35-mlkem768-ee-cert,certificate,ML-KEM,ML-KEM-768,certificate/profile,valid,appendix,corpus/appendix/public_repo/ossl35/ossl35_ml_kem_768_ee.der,pkilint,parse-only,tool-unavailable-on-host,,,no pkilint binary is configured on this host
appendix-ossl35-mlkem1024-ee-cert,certificate,ML-KEM,ML-KEM-1024,certificate/profile,valid,appendix,corpus/appendix/public_repo/ossl35/ossl35_ml_kem_1024_ee.der,extended-local,policy-and-structural,accepted,0,,local extended detector evaluation
appendix-ossl35-mlkem1024-ee-cert,certificate,ML-KEM,ML-KEM-1024,certificate/profile,valid,appendix,corpus/appendix/public_repo/ossl35/ossl35_ml_kem_1024_ee.der,jzlint-baseline,policy-and-structural,tool-unavailable-on-host,,,jzlint CLI jar is missing but vendored source plus Maven are available
appendix-ossl35-mlkem1024-ee-cert,certificate,ML-KEM,ML-KEM-1024,certificate/profile,valid,appendix,corpus/appendix/public_repo/ossl35/ossl35_ml_kem_1024_ee.der,openssl-cli,parse-only,accepted,,,openssl parsed/imported artifact
appendix-ossl35-mlkem1024-ee-cert,certificate,ML-KEM,ML-KEM-1024,certificate/profile,valid,appendix,corpus/appendix/public_repo/ossl35/ossl35_ml_kem_1024_ee.der,pkilint,parse-only,tool-unavailable-on-host,,,no pkilint binary is configured on this host
appendix-bc-mldsa65-ta-cert,certificate,ML-DSA,ML-DSA-65,certificate/profile,valid,appendix,corpus/appendix/public_repo/bc/bc_ml_dsa_65_ta.der,extended-local,policy-and-structural,accepted,0,,local extended detector evaluation
appendix-bc-mldsa65-ta-cert,certificate,ML-DSA,ML-DSA-65,certificate/profile,valid,appendix,corpus/appendix/public_repo/bc/bc_ml_dsa_65_ta.der,jzlint-baseline,policy-and-structural,tool-unavailable-on-host,,,jzlint CLI jar is missing but vendored source plus Maven are available
appendix-bc-mldsa65-ta-cert,certificate,ML-DSA,ML-DSA-65,certificate/profile,valid,appendix,corpus/appendix/public_repo/bc/bc_ml_dsa_65_ta.der,openssl-cli,parse-only,accepted,,,openssl parsed/imported artifact
appendix-bc-mldsa65-ta-cert,certificate,ML-DSA,ML-DSA-65,certificate/profile,valid,appendix,corpus/appendix/public_repo/bc/bc_ml_dsa_65_ta.der,pkilint,parse-only,tool-unavailable-on-host,,,no pkilint binary is configured on this host
appendix-bc-mldsa65-seed-key,private-key-container,ML-DSA,ML-DSA-65,private-key-container/import,valid,appendix,corpus/appendix/public_repo/bc/bc_ml_dsa_65_seed_priv.der,extended-local,policy-and-structural,accepted,0,,local extended detector evaluation
appendix-bc-mldsa65-seed-key,private-key-container,ML-DSA,ML-DSA-65,private-key-container/import,valid,appendix,corpus/appendix/public_repo/bc/bc_ml_dsa_65_seed_priv.der,jzlint-baseline,policy-and-structural,not-applicable,,,
appendix-bc-mldsa65-seed-key,private-key-container,ML-DSA,ML-DSA-65,private-key-container/import,valid,appendix,corpus/appendix/public_repo/bc/bc_ml_dsa_65_seed_priv.der,openssl-cli,parse-only,accepted,,,openssl parsed/imported artifact
appendix-bc-mldsa65-seed-key,private-key-container,ML-DSA,ML-DSA-65,private-key-container/import,valid,appendix,corpus/appendix/public_repo/bc/bc_ml_dsa_65_seed_priv.der,pkilint,parse-only,not-applicable,,,
appendix-bc-mldsa65-expanded-key,private-key-container,ML-DSA,ML-DSA-65,private-key-container/import,valid,appendix,corpus/appendix/public_repo/bc/bc_ml_dsa_65_expandedkey_priv.der,extended-local,policy-and-structural,accepted,0,,local extended detector evaluation
appendix-bc-mldsa65-expanded-key,private-key-container,ML-DSA,ML-DSA-65,private-key-container/import,valid,appendix,corpus/appendix/public_repo/bc/bc_ml_dsa_65_expandedkey_priv.der,jzlint-baseline,policy-and-structural,not-applicable,,,
appendix-bc-mldsa65-expanded-key,private-key-container,ML-DSA,ML-DSA-65,private-key-container/import,valid,appendix,corpus/appendix/public_repo/bc/bc_ml_dsa_65_expandedkey_priv.der,openssl-cli,parse-only,accepted,,,openssl parsed/imported artifact
appendix-bc-mldsa65-expanded-key,private-key-container,ML-DSA,ML-DSA-65,private-key-container/import,valid,appendix,corpus/appendix/public_repo/bc/bc_ml_dsa_65_expandedkey_priv.der,pkilint,parse-only,not-applicable,,,
appendix-bc-mldsa65-both-key,private-key-container,ML-DSA,ML-DSA-65,private-key-container/import,valid,appendix,corpus/appendix/public_repo/bc/bc_ml_dsa_65_both_priv.der,extended-local,policy-and-structural,rejected-structural,,,libcrux import bridge is not available; add or build the bridge before enabling seed/expanded consistency checks
appendix-bc-mldsa65-both-key,private-key-container,ML-DSA,ML-DSA-65,private-key-container/import,valid,appendix,corpus/appendix/public_repo/bc/bc_ml_dsa_65_both_priv.der,jzlint-baseline,policy-and-structural,not-applicable,,,
appendix-bc-mldsa65-both-key,private-key-container,ML-DSA,ML-DSA-65,private-key-container/import,valid,appendix,corpus/appendix/public_repo/bc/bc_ml_dsa_65_both_priv.der,openssl-cli,parse-only,accepted,,,openssl parsed/imported artifact
appendix-bc-mldsa65-both-key,private-key-container,ML-DSA,ML-DSA-65,private-key-container/import,valid,appendix,corpus/appendix/public_repo/bc/bc_ml_dsa_65_both_priv.der,pkilint,parse-only,not-applicable,,,
appendix-bc-mlkem768-ee-cert,certificate,ML-KEM,ML-KEM-768,certificate/profile,valid,appendix,corpus/appendix/public_repo/bc/bc_ml_kem_768_ee.der,extended-local,policy-and-structural,accepted,0,,local extended detector evaluation
appendix-bc-mlkem768-ee-cert,certificate,ML-KEM,ML-KEM-768,certificate/profile,valid,appendix,corpus/appendix/public_repo/bc/bc_ml_kem_768_ee.der,jzlint-baseline,policy-and-structural,tool-unavailable-on-host,,,jzlint CLI jar is missing but vendored source plus Maven are available
appendix-bc-mlkem768-ee-cert,certificate,ML-KEM,ML-KEM-768,certificate/profile,valid,appendix,corpus/appendix/public_repo/bc/bc_ml_kem_768_ee.der,openssl-cli,parse-only,accepted,,,openssl parsed/imported artifact
appendix-bc-mlkem768-ee-cert,certificate,ML-KEM,ML-KEM-768,certificate/profile,valid,appendix,corpus/appendix/public_repo/bc/bc_ml_kem_768_ee.der,pkilint,parse-only,tool-unavailable-on-host,,,no pkilint binary is configured on this host
appendix-bc-mlkem768-seed-key,private-key-container,ML-KEM,ML-KEM-768,private-key-container/import,valid,appendix,corpus/appendix/public_repo/bc/bc_ml_kem_768_seed_priv.der,extended-local,policy-and-structural,accepted,0,,local extended detector evaluation
appendix-bc-mlkem768-seed-key,private-key-container,ML-KEM,ML-KEM-768,private-key-container/import,valid,appendix,corpus/appendix/public_repo/bc/bc_ml_kem_768_seed_priv.der,jzlint-baseline,policy-and-structural,not-applicable,,,
appendix-bc-mlkem768-seed-key,private-key-container,ML-KEM,ML-KEM-768,private-key-container/import,valid,appendix,corpus/appendix/public_repo/bc/bc_ml_kem_768_seed_priv.der,openssl-cli,parse-only,accepted,,,openssl parsed/imported artifact
appendix-bc-mlkem768-seed-key,private-key-container,ML-KEM,ML-KEM-768,private-key-container/import,valid,appendix,corpus/appendix/public_repo/bc/bc_ml_kem_768_seed_priv.der,pkilint,parse-only,not-applicable,,,
appendix-bc-mlkem768-expanded-key,private-key-container,ML-KEM,ML-KEM-768,private-key-container/import,valid,appendix,corpus/appendix/public_repo/bc/bc_ml_kem_768_expandedkey_priv.der,extended-local,policy-and-structural,accepted,0,,local extended detector evaluation
appendix-bc-mlkem768-expanded-key,private-key-container,ML-KEM,ML-KEM-768,private-key-container/import,valid,appendix,corpus/appendix/public_repo/bc/bc_ml_kem_768_expandedkey_priv.der,jzlint-baseline,policy-and-structural,not-applicable,,,
appendix-bc-mlkem768-expanded-key,private-key-container,ML-KEM,ML-KEM-768,private-key-container/import,valid,appendix,corpus/appendix/public_repo/bc/bc_ml_kem_768_expandedkey_priv.der,openssl-cli,parse-only,accepted,,,openssl parsed/imported artifact
appendix-bc-mlkem768-expanded-key,private-key-container,ML-KEM,ML-KEM-768,private-key-container/import,valid,appendix,corpus/appendix/public_repo/bc/bc_ml_kem_768_expandedkey_priv.der,pkilint,parse-only,not-applicable,,,
appendix-bc-mlkem768-both-key,private-key-container,ML-KEM,ML-KEM-768,private-key-container/import,valid,appendix,corpus/appendix/public_repo/bc/bc_ml_kem_768_both_priv.der,extended-local,policy-and-structural,rejected-structural,,,libcrux import bridge is not available; add or build the bridge before enabling seed/expanded consistency checks
appendix-bc-mlkem768-both-key,private-key-container,ML-KEM,ML-KEM-768,private-key-container/import,valid,appendix,corpus/appendix/public_repo/bc/bc_ml_kem_768_both_priv.der,jzlint-baseline,policy-and-structural,not-applicable,,,
appendix-bc-mlkem768-both-key,private-key-container,ML-KEM,ML-KEM-768,private-key-container/import,valid,appendix,corpus/appendix/public_repo/bc/bc_ml_kem_768_both_priv.der,openssl-cli,parse-only,accepted,,,openssl parsed/imported artifact
appendix-bc-mlkem768-both-key,private-key-container,ML-KEM,ML-KEM-768,private-key-container/import,valid,appendix,corpus/appendix/public_repo/bc/bc_ml_kem_768_both_priv.der,pkilint,parse-only,not-applicable,,,
appendix-ossl35-mldsa44-seed-key,private-key-container,ML-DSA,ML-DSA-44,private-key-container/import,valid,appendix,corpus/appendix/public_repo/ossl35/ossl35_ml_dsa_44_seed_priv.der,extended-local,policy-and-structural,accepted,0,,local extended detector evaluation
appendix-ossl35-mldsa44-seed-key,private-key-container,ML-DSA,ML-DSA-44,private-key-container/import,valid,appendix,corpus/appendix/public_repo/ossl35/ossl35_ml_dsa_44_seed_priv.der,jzlint-baseline,policy-and-structural,not-applicable,,,
appendix-ossl35-mldsa44-seed-key,private-key-container,ML-DSA,ML-DSA-44,private-key-container/import,valid,appendix,corpus/appendix/public_repo/ossl35/ossl35_ml_dsa_44_seed_priv.der,openssl-cli,parse-only,accepted,,,openssl parsed/imported artifact
appendix-ossl35-mldsa44-seed-key,private-key-container,ML-DSA,ML-DSA-44,private-key-container/import,valid,appendix,corpus/appendix/public_repo/ossl35/ossl35_ml_dsa_44_seed_priv.der,pkilint,parse-only,not-applicable,,,
appendix-ossl35-mldsa44-expanded-key,private-key-container,ML-DSA,ML-DSA-44,private-key-container/import,valid,appendix,corpus/appendix/public_repo/ossl35/ossl35_ml_dsa_44_expandedkey_priv.der,extended-local,policy-and-structural,accepted,0,,local extended detector evaluation
appendix-ossl35-mldsa44-expanded-key,private-key-container,ML-DSA,ML-DSA-44,private-key-container/import,valid,appendix,corpus/appendix/public_repo/ossl35/ossl35_ml_dsa_44_expandedkey_priv.der,jzlint-baseline,policy-and-structural,not-applicable,,,
appendix-ossl35-mldsa44-expanded-key,private-key-container,ML-DSA,ML-DSA-44,private-key-container/import,valid,appendix,corpus/appendix/public_repo/ossl35/ossl35_ml_dsa_44_expandedkey_priv.der,openssl-cli,parse-only,accepted,,,openssl parsed/imported artifact
appendix-ossl35-mldsa44-expanded-key,private-key-container,ML-DSA,ML-DSA-44,private-key-container/import,valid,appendix,corpus/appendix/public_repo/ossl35/ossl35_ml_dsa_44_expandedkey_priv.der,pkilint,parse-only,not-applicable,,,
appendix-ossl35-mldsa44-both-key,private-key-container,ML-DSA,ML-DSA-44,private-key-container/import,valid,appendix,corpus/appendix/public_repo/ossl35/ossl35_ml_dsa_44_both_priv.der,extended-local,policy-and-structural,rejected-structural,,,libcrux import bridge is not available; add or build the bridge before enabling seed/expanded consistency checks
appendix-ossl35-mldsa44-both-key,private-key-container,ML-DSA,ML-DSA-44,private-key-container/import,valid,appendix,corpus/appendix/public_repo/ossl35/ossl35_ml_dsa_44_both_priv.der,jzlint-baseline,policy-and-structural,not-applicable,,,
appendix-ossl35-mldsa44-both-key,private-key-container,ML-DSA,ML-DSA-44,private-key-container/import,valid,appendix,corpus/appendix/public_repo/ossl35/ossl35_ml_dsa_44_both_priv.der,openssl-cli,parse-only,accepted,,,openssl parsed/imported artifact
appendix-ossl35-mldsa44-both-key,private-key-container,ML-DSA,ML-DSA-44,private-key-container/import,valid,appendix,corpus/appendix/public_repo/ossl35/ossl35_ml_dsa_44_both_priv.der,pkilint,parse-only,not-applicable,,,
appendix-ossl35-mldsa87-seed-key,private-key-container,ML-DSA,ML-DSA-87,private-key-container/import,valid,appendix,corpus/appendix/public_repo/ossl35/ossl35_ml_dsa_87_seed_priv.der,extended-local,policy-and-structural,accepted,0,,local extended detector evaluation
appendix-ossl35-mldsa87-seed-key,private-key-container,ML-DSA,ML-DSA-87,private-key-container/import,valid,appendix,corpus/appendix/public_repo/ossl35/ossl35_ml_dsa_87_seed_priv.der,jzlint-baseline,policy-and-structural,not-applicable,,,
appendix-ossl35-mldsa87-seed-key,private-key-container,ML-DSA,ML-DSA-87,private-key-container/import,valid,appendix,corpus/appendix/public_repo/ossl35/ossl35_ml_dsa_87_seed_priv.der,openssl-cli,parse-only,accepted,,,openssl parsed/imported artifact
appendix-ossl35-mldsa87-seed-key,private-key-container,ML-DSA,ML-DSA-87,private-key-container/import,valid,appendix,corpus/appendix/public_repo/ossl35/ossl35_ml_dsa_87_seed_priv.der,pkilint,parse-only,not-applicable,,,
appendix-ossl35-mldsa87-expanded-key,private-key-container,ML-DSA,ML-DSA-87,private-key-container/import,valid,appendix,corpus/appendix/public_repo/ossl35/ossl35_ml_dsa_87_expandedkey_priv.der,extended-local,policy-and-structural,accepted,0,,local extended detector evaluation
appendix-ossl35-mldsa87-expanded-key,private-key-container,ML-DSA,ML-DSA-87,private-key-container/import,valid,appendix,corpus/appendix/public_repo/ossl35/ossl35_ml_dsa_87_expandedkey_priv.der,jzlint-baseline,policy-and-structural,not-applicable,,,
appendix-ossl35-mldsa87-expanded-key,private-key-container,ML-DSA,ML-DSA-87,private-key-container/import,valid,appendix,corpus/appendix/public_repo/ossl35/ossl35_ml_dsa_87_expandedkey_priv.der,openssl-cli,parse-only,accepted,,,openssl parsed/imported artifact
appendix-ossl35-mldsa87-expanded-key,private-key-container,ML-DSA,ML-DSA-87,private-key-container/import,valid,appendix,corpus/appendix/public_repo/ossl35/ossl35_ml_dsa_87_expandedkey_priv.der,pkilint,parse-only,not-applicable,,,
appendix-ossl35-mldsa87-both-key,private-key-container,ML-DSA,ML-DSA-87,private-key-container/import,valid,appendix,corpus/appendix/public_repo/ossl35/ossl35_ml_dsa_87_both_priv.der,extended-local,policy-and-structural,rejected-structural,,,libcrux import bridge is not available; add or build the bridge before enabling seed/expanded consistency checks
appendix-ossl35-mldsa87-both-key,private-key-container,ML-DSA,ML-DSA-87,private-key-container/import,valid,appendix,corpus/appendix/public_repo/ossl35/ossl35_ml_dsa_87_both_priv.der,jzlint-baseline,policy-and-structural,not-applicable,,,
appendix-ossl35-mldsa87-both-key,private-key-container,ML-DSA,ML-DSA-87,private-key-container/import,valid,appendix,corpus/appendix/public_repo/ossl35/ossl35_ml_dsa_87_both_priv.der,openssl-cli,parse-only,accepted,,,openssl parsed/imported artifact
appendix-ossl35-mldsa87-both-key,private-key-container,ML-DSA,ML-DSA-87,private-key-container/import,valid,appendix,corpus/appendix/public_repo/ossl35/ossl35_ml_dsa_87_both_priv.der,pkilint,parse-only,not-applicable,,,
appendix-ossl35-mlkem512-seed-key,private-key-container,ML-KEM,ML-KEM-512,private-key-container/import,valid,appendix,corpus/appendix/public_repo/ossl35/ossl35_ml_kem_512_seed_priv.der,extended-local,policy-and-structural,accepted,0,,local extended detector evaluation
appendix-ossl35-mlkem512-seed-key,private-key-container,ML-KEM,ML-KEM-512,private-key-container/import,valid,appendix,corpus/appendix/public_repo/ossl35/ossl35_ml_kem_512_seed_priv.der,jzlint-baseline,policy-and-structural,not-applicable,,,
appendix-ossl35-mlkem512-seed-key,private-key-container,ML-KEM,ML-KEM-512,private-key-container/import,valid,appendix,corpus/appendix/public_repo/ossl35/ossl35_ml_kem_512_seed_priv.der,openssl-cli,parse-only,accepted,,,openssl parsed/imported artifact
appendix-ossl35-mlkem512-seed-key,private-key-container,ML-KEM,ML-KEM-512,private-key-container/import,valid,appendix,corpus/appendix/public_repo/ossl35/ossl35_ml_kem_512_seed_priv.der,pkilint,parse-only,not-applicable,,,
appendix-ossl35-mlkem512-expanded-key,private-key-container,ML-KEM,ML-KEM-512,private-key-container/import,valid,appendix,corpus/appendix/public_repo/ossl35/ossl35_ml_kem_512_expandedkey_priv.der,extended-local,policy-and-structural,accepted,0,,local extended detector evaluation
appendix-ossl35-mlkem512-expanded-key,private-key-container,ML-KEM,ML-KEM-512,private-key-container/import,valid,appendix,corpus/appendix/public_repo/ossl35/ossl35_ml_kem_512_expandedkey_priv.der,jzlint-baseline,policy-and-structural,not-applicable,,,
appendix-ossl35-mlkem512-expanded-key,private-key-container,ML-KEM,ML-KEM-512,private-key-container/import,valid,appendix,corpus/appendix/public_repo/ossl35/ossl35_ml_kem_512_expandedkey_priv.der,openssl-cli,parse-only,accepted,,,openssl parsed/imported artifact
appendix-ossl35-mlkem512-expanded-key,private-key-container,ML-KEM,ML-KEM-512,private-key-container/import,valid,appendix,corpus/appendix/public_repo/ossl35/ossl35_ml_kem_512_expandedkey_priv.der,pkilint,parse-only,not-applicable,,,
appendix-ossl35-mlkem512-both-key,private-key-container,ML-KEM,ML-KEM-512,private-key-container/import,valid,appendix,corpus/appendix/public_repo/ossl35/ossl35_ml_kem_512_both_priv.der,extended-local,policy-and-structural,rejected-structural,,,libcrux import bridge is not available; add or build the bridge before enabling seed/expanded consistency checks
appendix-ossl35-mlkem512-both-key,private-key-container,ML-KEM,ML-KEM-512,private-key-container/import,valid,appendix,corpus/appendix/public_repo/ossl35/ossl35_ml_kem_512_both_priv.der,jzlint-baseline,policy-and-structural,not-applicable,,,
appendix-ossl35-mlkem512-both-key,private-key-container,ML-KEM,ML-KEM-512,private-key-container/import,valid,appendix,corpus/appendix/public_repo/ossl35/ossl35_ml_kem_512_both_priv.der,openssl-cli,parse-only,accepted,,,openssl parsed/imported artifact
appendix-ossl35-mlkem512-both-key,private-key-container,ML-KEM,ML-KEM-512,private-key-container/import,valid,appendix,corpus/appendix/public_repo/ossl35/ossl35_ml_kem_512_both_priv.der,pkilint,parse-only,not-applicable,,,
appendix-ossl35-mlkem1024-seed-key,private-key-container,ML-KEM,ML-KEM-1024,private-key-container/import,valid,appendix,corpus/appendix/public_repo/ossl35/ossl35_ml_kem_1024_seed_priv.der,extended-local,policy-and-structural,accepted,0,,local extended detector evaluation
appendix-ossl35-mlkem1024-seed-key,private-key-container,ML-KEM,ML-KEM-1024,private-key-container/import,valid,appendix,corpus/appendix/public_repo/ossl35/ossl35_ml_kem_1024_seed_priv.der,jzlint-baseline,policy-and-structural,not-applicable,,,
appendix-ossl35-mlkem1024-seed-key,private-key-container,ML-KEM,ML-KEM-1024,private-key-container/import,valid,appendix,corpus/appendix/public_repo/ossl35/ossl35_ml_kem_1024_seed_priv.der,openssl-cli,parse-only,accepted,,,openssl parsed/imported artifact
appendix-ossl35-mlkem1024-seed-key,private-key-container,ML-KEM,ML-KEM-1024,private-key-container/import,valid,appendix,corpus/appendix/public_repo/ossl35/ossl35_ml_kem_1024_seed_priv.der,pkilint,parse-only,not-applicable,,,
appendix-ossl35-mlkem1024-expanded-key,private-key-container,ML-KEM,ML-KEM-1024,private-key-container/import,valid,appendix,corpus/appendix/public_repo/ossl35/ossl35_ml_kem_1024_expandedkey_priv.der,extended-local,policy-and-structural,accepted,0,,local extended detector evaluation
appendix-ossl35-mlkem1024-expanded-key,private-key-container,ML-KEM,ML-KEM-1024,private-key-container/import,valid,appendix,corpus/appendix/public_repo/ossl35/ossl35_ml_kem_1024_expandedkey_priv.der,jzlint-baseline,policy-and-structural,not-applicable,,,
appendix-ossl35-mlkem1024-expanded-key,private-key-container,ML-KEM,ML-KEM-1024,private-key-container/import,valid,appendix,corpus/appendix/public_repo/ossl35/ossl35_ml_kem_1024_expandedkey_priv.der,openssl-cli,parse-only,accepted,,,openssl parsed/imported artifact
appendix-ossl35-mlkem1024-expanded-key,private-key-container,ML-KEM,ML-KEM-1024,private-key-container/import,valid,appendix,corpus/appendix/public_repo/ossl35/ossl35_ml_kem_1024_expandedkey_priv.der,pkilint,parse-only,not-applicable,,,
appendix-ossl35-mlkem1024-both-key,private-key-container,ML-KEM,ML-KEM-1024,private-key-container/import,valid,appendix,corpus/appendix/public_repo/ossl35/ossl35_ml_kem_1024_both_priv.der,extended-local,policy-and-structural,rejected-structural,,,libcrux import bridge is not available; add or build the bridge before enabling seed/expanded consistency checks
appendix-ossl35-mlkem1024-both-key,private-key-container,ML-KEM,ML-KEM-1024,private-key-container/import,valid,appendix,corpus/appendix/public_repo/ossl35/ossl35_ml_kem_1024_both_priv.der,jzlint-baseline,policy-and-structural,not-applicable,,,
appendix-ossl35-mlkem1024-both-key,private-key-container,ML-KEM,ML-KEM-1024,private-key-container/import,valid,appendix,corpus/appendix/public_repo/ossl35/ossl35_ml_kem_1024_both_priv.der,openssl-cli,parse-only,accepted,,,openssl parsed/imported artifact
appendix-ossl35-mlkem1024-both-key,private-key-container,ML-KEM,ML-KEM-1024,private-key-container/import,valid,appendix,corpus/appendix/public_repo/ossl35/ossl35_ml_kem_1024_both_priv.der,pkilint,parse-only,not-applicable,,,
